{"lr": 0.009999387431565697, "data_time": 0.006391215324401856, "loss": 2.0656448364257813, "decode.loss_ce": 1.414020800590515, "decode.acc_seg": 79.76846313476562, "aux.loss_ce": 0.6516240537166595, "aux.acc_seg": 69.98777770996094, "time": 0.4407292604446411, "iter": 12, "memory": 11115, "step": 12}
{"lr": 0.00999448673244192, "data_time": 0.006034135818481445, "loss": 0.8001594185829163, "decode.loss_ce": 0.5531863749027253, "decode.acc_seg": 79.73890686035156, "aux.loss_ce": 0.24697306007146835, "aux.acc_seg": 77.35586547851562, "time": 0.44463539123535156, "iter": 100, "memory": 9293, "step": 100}
{"lr": 0.009988917428764899, "data_time": 0.005571413040161133, "loss": 0.8569096088409424, "decode.loss_ce": 0.610807204246521, "decode.acc_seg": 78.75357055664062, "aux.loss_ce": 0.24610240310430526, "aux.acc_seg": 80.68904876708984, "time": 0.4481338024139404, "iter": 200, "memory": 9293, "step": 200}
{"lr": 0.009983347776559829, "data_time": 0.005585956573486328, "loss": 0.7688163876533508, "decode.loss_ce": 0.5480590164661407, "decode.acc_seg": 87.29391479492188, "aux.loss_ce": 0.2207573711872101, "aux.acc_seg": 87.6822509765625, "time": 0.45068936347961425, "iter": 300, "memory": 9293, "step": 300}
{"lr": 0.009977777775586647, "data_time": 0.005707240104675293, "loss": 0.6592937767505646, "decode.loss_ce": 0.4737025618553162, "decode.acc_seg": 79.34341430664062, "aux.loss_ce": 0.18559121042490007, "aux.acc_seg": 81.49481201171875, "time": 0.4517014265060425, "iter": 400, "memory": 9293, "step": 400}
